编号,类别,课程名称,小时,层级,工具,简介,简单大纲,成果,工具前置,适用场景,开发优先级
F01,通用基础,AIGC视频入门：一条片子的生产地图,1,入门,通用／三工具概览,建立从需求到交付的全流程认知，知道每一步应该产出什么。,拆解30秒样片；区分文案、图像、视频与剪辑；比较三工具路径；制定首个练习任务,一张个人视频生产流程图,—,所有学员,首发
F02,通用基础,把需求讲清楚：从客户想法到创作任务书,1,入门,通用,把“做得高级一点”等模糊要求转成可执行的创作约束。,确认受众与用途；锁定单一核心信息；约定时长、比例与风格；形成验收条件,一页创作任务书与验收要点,—,机构宣传／商家服务,首发
F03,通用基础,选题与开头：让观众愿意继续看,1,入门,通用,围绕用户问题、情绪和利益点，设计可测试的选题与前三秒开头。,识别受众问题；拆解信息缺口与冲突；生成三种开头；排除夸大和标题误导,3个选题、3版开头与选择理由,—,短视频运营／自由创作者,首发
F04,通用基础,脚本小课：把一个卖点写成30秒故事,1,入门,通用,掌握可拍、可生成、可剪辑的短视频脚本写法。,确定一句话主张；搭建起承转合；写画面、旁白与时长；删减无法实现的情节,一份30秒脚本及压缩版,—,广告／科普／剧情,首发
F05,通用基础,分镜小课：把文字变成镜头清单,1,入门,通用／画布,把脚本拆成可独立生成的短镜头，控制景别和连续性。,拆分4—6个镜头；安排景别与运动；检查动作和视线；估算镜头时间,一份4—6镜分镜表,—,广告／短剧,首发
F06,通用基础,提示词小课：从碰运气到可控修改,1,入门,画布＋配套生成能力,用结构化描述明确主体、动作、环境、镜头和限制条件。,拆解有效提示词；保持一个核心动作；参考图与文字分工；单变量比较两轮结果,一组提示词与修改对照记录,—,所有生成任务,首发
F07,通用基础,角色与产品一致性：建立可复用资产包,1,进阶,画布／导演台,建立角色、产品、场景与风格参照，减少跨镜头漂移。,建立角色或产品卡；选择标准参考图；锁定造型与色彩；核对跨镜头差异,角色／产品卡及3张一致性候选图,—,品牌／短剧／IP,首发
F08,通用基础,关键帧设计：先定画面，再生成运动,1,进阶,画布,学习用起始画面、结束目标和动作衔接控制视频镜头。,设计首帧构图；安排终点画面；检查动作可达性；比较不同关键帧结果,一组首尾画面与动作说明,—,广告／特效／短剧,扩展
F09,通用基础,视频生成诊断：镜头为什么失败,1,进阶,画布／配套视频模型,识别动作畸变、穿帮和运动失控，选择成本较低的修复方案。,匹配文生与图生路径；控制动作复杂度；拆解失败原因；比较重生成、替换与剪辑补救,一个镜头的修复前后对照,—,镜头生产／质检,扩展
F10,通用基础,配音与声音：让画面有节奏和情绪,1,入门,配套音频工具＋剪辑,为短片设计旁白、音乐与音效，保持听感清楚。,改写可朗读文本；调整语速停顿；搭建声音层次；检查授权与混音,一段20—30秒声音设计练习,—,口播／微课／多语种,扩展
F11,通用基础,剪辑与包装：把镜头组装成片,1,入门,配套剪辑工具,用已有素材完成粗剪、字幕、封面与适配导出。,按脚本粗剪；压缩空镜与停顿；统一字幕和音量；导出横竖版本,一条15—30秒练习成片,—,所有成片任务,首发
F12,通用基础,成片审核：质量、授权与AI标识,1,入门,通用／配套剪辑,建立交付前的检查习惯，区分课堂样片与可公开发布作品。,逐项检查画面与事实；核对肖像、声音和素材授权；学习生成内容声明与标识；整理来源及审核记录,作品自查表与素材来源表,—,所有公开发布任务,首发
T01,工具入门,画布工具上手：做出第一条产品短片,2,入门,画布＋配套剪辑,通过一个低复杂度产品案例，串联策划、图片、视频与成片。,认识项目和素材组织；改写模板脚本；生成关键画面与短镜头；拼接、审核并导出,一条10—15秒、2—3镜产品练习片,—,产品宣传／创作入门,首发
T02,工具入门,转绘工具上手：拆解并重做一段视频,2,入门,转绘＋配套剪辑,用自摄或授权素材学习视频反推、风格改写和转绘输出。,判断源视频可用性；反推镜头和动作；改写风格与视觉资产；转绘、对照与剪辑,一段5—10秒转绘样片及拆解表,—,风格改编／跨语种内容,首发
T03,工具入门,导演台上手：从短剧本到剧情样片,2,入门,导演台＋配套剪辑,围绕单场景短剧本体验剧本、分镜、资产和成片的完整流程。,输入并校正短剧本；确认角色与分镜；生成并替换问题镜头；拼接、配音与自查,一条20—30秒、单场景剧情练习片,—,短剧／漫剧创作,首发
P01,案例实战,TVC广告：做一条15秒品牌概念片,2,进阶,画布＋配套剪辑,将一个品牌主张转成有视觉记忆点的商业广告样片。,明确品牌主张；设计主视觉与3—4镜脚本；制作关键镜头；完成品牌收尾和质检,一条15秒TVC概念样片与创意说明,T01,品牌方／广告工作室,首发
P02,案例实战,电商产品视频：让商品卖点可视化,2,入门,画布＋配套剪辑,从商品图片出发制作展示、使用场景和卖点字幕。,提炼一个真实卖点；保持商品外观；生成场景镜头；完成字幕与行动提示,一条15—20秒产品展示样片,T01,电商商家／品牌运营,首发
P03,案例实战,本地商家宣传：一条片讲清到店理由,2,入门,画布＋配套剪辑,为咖啡店、民宿等真实场景设计可交付的轻宣传片。,整理商家真实素材；提炼到店理由；补充氛围镜头；核对地址、价格和活动信息,一条20—30秒商家宣传样片,T01,本地商家／代运营,首发
P04,案例实战,产品与服务讲解：把复杂流程讲明白,2,入门,画布＋配套录屏、剪辑,把操作说明或服务流程转成易懂的视频讲解。,确定用户任务；改写三步流程脚本；组合图示与真实录屏；制作字幕并核对步骤,一条30—45秒流程讲解样片,T01,软件服务／机构宣传,扩展
P05,案例实战,数字人口播：做一条可信的讲解视频,2,入门,画布组织素材＋配套数字人能力,以授权形象和声音制作讲解型口播，处理口型、停顿和辅助画面。,改写口语脚本；配置授权形象和音色；生成口播并检查口型；添加辅助镜头和字幕,一条30—45秒数字人口播样片,T01,企业宣传／教师／个人IP,首发
P06,案例实战,教育微课：把一个知识点讲懂,2,入门,画布＋配套录屏、配音、剪辑,面向开放大学和社会培训制作“一个问题、一种方法、一道练习”的教学短视频。,设定可检查的学习目标；写解释与示例；制作图示与讲解；加入自测并审核知识准确性,一条45—60秒教学样片及1道自测题,T01,教师／培训机构／知识服务,首发
P07,案例实战,不出镜知识视频：用原创解释做内容,2,入门,画布＋配套配音、剪辑,用原创讲解和证据支撑的画面制作不出镜知识内容。,选定窄问题并核验事实；写原创解说；匹配图示与镜头；完成信息来源与字幕,一条30—45秒知识视频样片,T01,知识账号／机构内容,扩展
P08,案例实战,高传播创意短视频：反差、悬念与循环,2,进阶,画布＋配套剪辑,练习常见“爆款”叙事结构，把传播想法转成可测试的创意样片。,拆解传播机制；改写原创反差梗；制作主镜头与收尾；形成两个开头测试方案,一条10—20秒创意样片＋两版开头方案,T01,短视频创作者／营销团队,首发
P09,案例实战,风格转绘：让同一段素材呈现新表达,2,进阶,转绘＋配套剪辑,以自摄动作片段练习风格转换，关注人物、运动和时序稳定。,筛选5—10秒源片；制作风格基准；完成一版转绘与局部修正；比较画面闪烁和叙事效果,一段转绘样片＋原片对照与风格说明,T02,创意工作室／原创账号,首发
P10,案例实战,视频出海本地化：从换语言到换表达,2,进阶,转绘＋配套翻译、配音、剪辑,把自有或授权样片改成适合一个目标市场的内容版本。,选定目标受众；改写文化语境和文案；处理配音、字幕与画面；审核原创价值和发布要求,一条15—30秒本地化样片＋双语脚本与改写表,T02,跨境商家／海外内容服务,首发
P11,案例实战,AI短剧：完成一个有反转的剧情场景,2,进阶,导演台＋配套剪辑,围绕两人以内、一个场景的冲突完成短剧情制作。,写目标与冲突；拆解4—6镜并固定角色；生成关键表演镜头；剪出反转与声音节奏,一条30—45秒短剧场景样片,T03,短剧工作室／剧情账号,首发
P12,案例实战,AI漫剧：把原创故事做成动态片段,2,进阶,导演台＋配套配音、剪辑,把原创或已获授权的短故事转成角色稳定、节奏清楚的动态漫片段。,压缩故事为一场戏；建立人物与画风；设计关键动作和分镜；配音、剪辑与连载钩子,一条20—30秒漫剧样片＋后续两集梗概,T03,漫剧团队／原创IP,扩展
P13,案例实战,文旅与文化短片：让地方故事被看见,2,进阶,画布／导演台＋配套剪辑,围绕一项地方文化或一个景点制作叙事型宣传样片。,核验文化事实；找到人物或物件线索；结合真实素材与生成画面；完成出处和生成说明,一条20—30秒文旅文化样片,T01/T03,文旅机构／文化传播,扩展
P14,案例实战,实拍＋AI特效：做一个可用的创意镜头,2,进阶,画布＋配套合成、剪辑,在自摄镜头中加入生成元素，练习构图、遮挡与声音衔接。,规划简单实拍；匹配机位光线；生成或替换局部元素；合成并检查接缝,一段5—8秒特效镜头＋前后对照,T01,广告／活动传播／创意工作室,扩展
P15,案例实战,音乐视觉短片：把节奏变成画面,2,进阶,画布＋配套音频、剪辑,为自有或授权音乐设计画面节奏与视觉主题。,标记节拍与段落；统一视觉主题；制作2—3个短镜头；完成卡点与首尾衔接,一条10—15秒音乐视觉片段,T01,音乐人／活动团队,扩展
B01,职业交付,接单与报价：把创作拆成可计价工作,1,职业应用,通用,为视频服务限定范围，估算工时、生成成本和修改成本。,读客户需求；拆分脚本、镜头和版本；计算成本与报价；列明修改次数、用途和交付物,一份模拟报价单与服务范围说明,—,兼职／自由职业／工作室,首发
B02,职业交付,修改与交付：让客户意见变成任务,1,职业应用,通用／配套剪辑,处理意见冲突、版本管理和项目归档，提高交付可追踪性。,把反馈改成任务；区分范围内修改与新增需求；管理文件版本；打包母版、字幕和授权记录,一份交付包目录＋修改确认单,—,兼职／自由职业／工作室,首发
B03,职业交付,作品集与获客：让客户看懂你能做什么,1,职业应用,通用,针对一个细分客户群设计案例展示与服务介绍。,选择客户类型；说明案例目标和本人贡献；展示过程与结果；写服务介绍及模拟沟通话术,一页作品集结构＋一项服务介绍,—,兼职／自由职业／求职,首发
B04,职业交付,发布与复盘：用数据决定下一版怎么改,1,职业应用,通用／平台示例数据,用清楚的实验问题分析开头、完播和行动反馈。,定义曝光、观看和转化口径；一次只测试一个变量；识别小样本限制；形成下一轮修改方案,一份基于教学数据的A/B复盘表,—,账号运营／商家服务,扩展
B05,职业交付,系列化生产：把一条样片变成一组内容,1,职业应用,画布／导演台＋项目模板,沉淀脚本、资产与审核模板，为周期性内容服务建立生产节奏。,区分可复用与须原创的部分；建立命名和版本规则；排出5期主题；分配生成与审核任务,一份5期内容计划及生产模板,—,机构运营／工作室,扩展
B06,职业交付,作品诊断与路演：完成一次模拟验收,1,职业应用,通用／已有项目,以已有样片为对象说明创意、制作过程、成本和改进路径。,按任务书展示；解释关键取舍；对照量规互评；安排一轮关键修订,一份作品诊断表与改进计划,—,课程结业／项目展示,首发
